{
  "data": {
    "evaluateList": [
      {
        "article_title": "3200：围而不攻 等待量能（附个股及板块分析）",
        "mComment_targetId": 0,
        "mComment_zan": 0,
        "muser_userLevel": "1",
        "mComment_id": 48541,
        "user_name": "昆仑山的手",
        "article_id": 40109,
        "mComment_createTime": "19小时前",
        "mComment_replyUser": "",
        "mComment_extend1": "true",
        "mComment_content": "中午有时间才看的，学习了，对我有很大帮助，尤其是粘合和发散的见解！谢谢！",
        "user_portraitUrl": "http://moerfile.jiemian.com/staticFile/defavatar/avatar_small.png",
        "user_id": "105458924",
        "mComment_type": "1",
        "mComment_target": 1
      },
      {
        "article_title": "3200：围而不攻 等待量能（附个股及板块分析）",
        "mComment_targetId": 0,
        "mComment_zan": 0,
        "muser_userLevel": "1",
        "mComment_id": 48415,
        "user_name": "素.qq",
        "article_id": 40109,
        "mComment_createTime": "22小时前",
        "mComment_replyUser": "",
        "mComment_extend1": "true",
        "mComment_content": "第一次看，感谢！另外，国信今天跌停，获利盘出货，是逢低加仓吗？",
        "user_portraitUrl": "http://moerfile.jiemian.com/staticFile/defavatar/avatar_small.png",
        "user_id": "103530666",
        "mComment_type": "1",
        "mComment_target": 1
      },
      {
        "article_title": "3200：围而不攻 等待量能（附个股及板块分析）",
        "mComment_targetId": 0,
        "mComment_zan": 0,
        "muser_userLevel": "1",
        "mComment_id": 48387,
        "user_name": "kiki113",
        "article_id": 40109,
        "mComment_createTime": "2015-09-14",
        "mComment_replyUser": "",
        "mComment_extend1": "true",
        "mComment_content": "图片上的文字看不清楚，不能放大好可惜啊。",
        "user_portraitUrl": "http://moerfile.jiemian.com/staticFile/defavatar/avatar_small.png",
        "user_id": "105570261",
        "mComment_type": "1",
        "mComment_target": 1
      },
      {
        "article_title": "3200：围而不攻 等待量能（附个股及板块分析）",
        "mComment_targetId": 0,
        "mComment_zan": 0,
        "muser_userLevel": "1",
        "mComment_id": 48375,
        "user_name": "落落.qq",
        "article_id": 40109,
        "mComment_createTime": "2015-09-14",
        "mComment_replyUser": "",
        "mComment_extend1": "true",
        "mComment_content": "感谢天大利用自己的休息时间码了那么大一篇干货！关于群，我想到以前有个群主，规定大家禁言，只允许老大发言，有违反者一律踢，有话要问可以私信。这样避免刷屏，也方便老大有选择性的回答。（我只是提供建议，最终还是尊重接受和支持天大的每一个决定！）",
        "user_portraitUrl": "http://moerfile.jiemian.com/staticFile/defavatar/avatar_small.png",
        "user_id": "103766584",
        "mComment_type": "1",
        "mComment_target": 1
      },
      {
        "article_title": "3200：围而不攻 等待量能（附个股及板块分析）",
        "mComment_targetId": 48099,
        "mComment_zan": 0,
        "muser_userLevel": "2",
        "mComment_id": 48355,
        "mComment_recipientId": "105912041",
        "user_name": "天赐恩宠",
        "article_id": 40109,
        "mComment_createTime": "2015-09-14",
        "mComment_replyUser": "包子脸豆腐脑",
        "mComment_content": "是的，这是我自己习惯用的参数。",
        "user_portraitUrl": "http://moerfile.jiemian.com/staticFile/O/eb15019f5efc298249861d12734be312.png",
        "user_id": "105389620",
        "mComment_type": "1",
        "mComment_target": 2
      },
      {
        "article_title": "3200：围而不攻 等待量能（附个股及板块分析）",
        "mComment_targetId": 48119,
        "mComment_zan": 0,
        "muser_userLevel": "2",
        "mComment_id": 48353,
        "mComment_recipientId": "103085842",
        "user_name": "天赐恩宠",
        "article_id": 40109,
        "mComment_createTime": "2015-09-14",
        "mComment_replyUser": "篮球永不熄",
        "mComment_content": "三日均线我会在反弹行情时使用。",
        "user_portraitUrl": "http://moerfile.jiemian.com/staticFile/O/eb15019f5efc298249861d12734be312.png",
        "user_id": "105389620",
        "mComment_type": "1",
        "mComment_target": 2
      },
      {
        "article_title": "3200：围而不攻 等待量能（附个股及板块分析）",
        "mComment_targetId": 48125,
        "mComment_zan": 0,
        "muser_userLevel": "2",
        "mComment_id": 48351,
        "mComment_recipientId": "104670686",
        "user_name": "天赐恩宠",
        "article_id": 40109,
        "mComment_createTime": "2015-09-14",
        "mComment_replyUser": "漪漪.qq",
        "mComment_content": "努力学习！",
        "user_portraitUrl": "http://moerfile.jiemian.com/staticFile/O/eb15019f5efc298249861d12734be312.png",
        "user_id": "105389620",
        "mComment_type": "1",
        "mComment_target": 2
      },
      {
        "article_title": "3200：围而不攻 等待量能（附个股及板块分析）",
        "mComment_targetId": 48147,
        "mComment_zan": 0,
        "muser_userLevel": "2",
        "mComment_id": 48349,
        "mComment_recipientId": "105435396",
        "user_name": "天赐恩宠",
        "article_id": 40109,
        "mComment_createTime": "2015-09-14",
        "mComment_replyUser": "enya",
        "mComment_content": "只要用心，你一定会进步。",
        "user_portraitUrl": "http://moerfile.jiemian.com/staticFile/O/eb15019f5efc298249861d12734be312.png",
        "user_id": "105389620",
        "mComment_type": "1",
        "mComment_target": 2
      },
      {
        "article_title": "3200：围而不攻 等待量能（附个股及板块分析）",
        "mComment_targetId": 48189,
        "mComment_zan": 0,
        "muser_userLevel": "2",
        "mComment_id": 48347,
        "mComment_recipientId": "104894133",
        "user_name": "天赐恩宠",
        "article_id": 40109,
        "mComment_createTime": "2015-09-14",
        "mComment_replyUser": "lok6_6",
        "mComment_content": "我写一篇文章用了6小时，你最起码要花超过6小时以上的时间去消化。",
        "user_portraitUrl": "http://moerfile.jiemian.com/staticFile/O/eb15019f5efc298249861d12734be312.png",
        "user_id": "105389620",
        "mComment_type": "1",
        "mComment_target": 2
      },
      {
        "article_title": "3200：围而不攻 等待量能（附个股及板块分析）",
        "mComment_targetId": 48195,
        "mComment_zan": 0,
        "muser_userLevel": "2",
        "mComment_id": 48345,
        "mComment_recipientId": "103531999",
        "user_name": "天赐恩宠",
        "article_id": 40109,
        "mComment_createTime": "2015-09-14",
        "mComment_replyUser": "sangchun",
        "mComment_content": "自己慢慢消化，变成自己的东西。",
        "user_portraitUrl": "http://moerfile.jiemian.com/staticFile/O/eb15019f5efc298249861d12734be312.png",
        "user_id": "105389620",
        "mComment_type": "1",
        "mComment_target": 2
      }
    ],
    "commentAndEvaluate_count": 134
  },
  "success": true,
  "errorCode": 0,
  "message": ""
}