{
  "data": {
    "10869": {
      "mArticleYie_pubUserId": "105550052",
      "mArticleYie_title": "绝望孕育希望：兼谈下周将出现的暴利机会（增加举例补充）",
      "user_name": "超短狙击1",
      "mArticleYie_id": 10869,
      "mArticleYie_pubTime": "2015-09-03 13:53:43",
      "stocks": "sz002027",
      "mArticleYie_yield": 21.06,
      "mArticleYie_articleId": 36881
    },
    "10864": {
      "mArticleYie_pubUserId": "105550052",
      "mArticleYie_title": "绝望孕育希望：兼谈下周将出现的暴利机会（增加举例补充）",
      "user_name": "超短狙击2",
      "mArticleYie_id": 10869,
      "mArticleYie_pubTime": "2015-09-03 13:53:43",
      "stocks": "sz002027",
      "mArticleYie_yield": 21.06,
      "mArticleYie_articleId": 36881
    },
    "10969": {
      "mArticleYie_pubUserId": "105550052",
      "mArticleYie_title": "绝望孕育希望：兼谈下周将出现的暴利机会（增加举例补充）",
      "user_name": "超短狙击3",
      "mArticleYie_id": 10869,
      "mArticleYie_pubTime": "2015-09-03 13:53:43",
      "stocks": "sz002027",
      "mArticleYie_yield": 21.06,
      "mArticleYie_articleId": 36881
    },
    "10456": {
      "mArticleYie_pubUserId": "105550052",
      "mArticleYie_title": "绝望孕育希望：兼谈下周将出现的暴利机会（增加举例补充）",
      "user_name": "超短狙击4",
      "mArticleYie_id": 10869,
      "mArticleYie_pubTime": "2015-09-03 13:53:43",
      "stocks": "sz002027",
      "mArticleYie_yield": 21.06,
      "mArticleYie_articleId": 36881
    },
    "10123": {
      "mArticleYie_pubUserId": "105550052",
      "mArticleYie_title": "绝望孕育希望：兼谈下周将出现的暴利机会（增加举例补充）",
      "user_name": "超短狙击5",
      "mArticleYie_id": 10869,
      "mArticleYie_pubTime": "2015-09-03 13:53:43",
      "stocks": "sz002027",
      "mArticleYie_yield": 21.06,
      "mArticleYie_articleId": 36881
    },
    "10789": {
      "mArticleYie_pubUserId": "105550052",
      "mArticleYie_title": "绝望孕育希望：兼谈下周将出现的暴利机会（增加举例补充）",
      "user_name": "超短狙击6",
      "mArticleYie_id": 10869,
      "mArticleYie_pubTime": "2015-09-03 13:53:43",
      "stocks": "sz002027",
      "mArticleYie_yield": 21.06,
      "mArticleYie_articleId": 36881
    },
    "10741": {
      "mArticleYie_pubUserId": "105550052",
      "mArticleYie_title": "绝望孕育希望：兼谈下周将出现的暴利机会（增加举例补充）",
      "user_name": "超短狙击7",
      "mArticleYie_id": 10869,
      "mArticleYie_pubTime": "2015-09-03 13:53:43",
      "stocks": "sz002027",
      "mArticleYie_yield": 21.06,
      "mArticleYie_articleId": 36881
    }
  },
  "success": true,
  "errorCode": 0,
  "message": ""
}