{
  "data":{
    "shangzheng":{
      "index_name":"上证指数",
      "change_rate":"2.91",
      "current_point":"10620.133"
    },
    "dqs":{
      "index_name":"道琼斯",
      "change_rate":"-2.42",
      "current_point":"16492.68"
    },
    "hengsheng":{
      "index_name":"恒生指数",
      "change_rate":"4.10",
      "current_point":"22131.31"
    },
    "hs":{
      "index_name":"沪深300",
      "change_rate":"-1.96",
      "current_point":"3399.305"
    },
    "nsdk":{
      "index_name":"纳斯达克",
      "change_rate":"2.73",
      "current_point":"4811.93"
    },
    "biaopu":{
      "index_name":"标普指数",
      "change_rate":"2.51",
      "current_point":"1969.41"
    }
  },
  "success": true,
  "errorCode":0,
  "message":""
}